{"inputUnits":[34],"outputUnits":6,"inputs":{"0":{"dtype":"number","min":276.7030105887684,"max":447.21268768904275},"1":{"dtype":"number","min":78.67939648461248,"max":338.4483438335968},"2":{"dtype":"number","min":280.84400548081453,"max":453.5990982946255},"3":{"dtype":"number","min":68.48948200389106,"max":327.98808532002374},"4":{"dtype":"number","min":272.8079550182773,"max":440.8426241744817},"5":{"dtype":"number","min":69.9351626147556,"max":328.35636599054595},"6":{"dtype":"number","min":296.91647421988995,"max":467.63404935250486},"7":{"dtype":"number","min":75.1306829192759,"max":320.6603309245425},"8":{"dtype":"number","min":275.1559471991276,"max":425.74595529281675},"9":{"dtype":"number","min":77.8943454430725,"max":319.60637638077196},"10":{"dtype":"number","min":318.4714418069862,"max":479.4196750032299},"11":{"dtype":"number","min":122.70997014027162,"max":324.50028712647435},"12":{"dtype":"number","min":300.5382623932241,"max":393.8030210264926},"13":{"dtype":"number","min":120.87046730843036,"max":336.03396404578064},"14":{"dtype":"number","min":266.1278667524167,"max":469.2246587731031},"15":{"dtype":"number","min":83.1168697965748,"max":404.0624964376368},"16":{"dtype":"number","min":260.7289497583293,"max":359.64480952993904},"17":{"dtype":"number","min":94.53849109694187,"max":409.54056676723616},"18":{"dtype":"number","min":207.87104625182394,"max":491.78384268794076},"19":{"dtype":"number","min":35.97910721478296,"max":469.0242129077244},"20":{"dtype":"number","min":202.33453950993282,"max":369.0255761053776},"21":{"dtype":"number","min":42.3144474845916,"max":466.01206976152116},"22":{"dtype":"number","min":366.4117752253313,"max":437.8165539693276},"23":{"dtype":"number","min":226.6589319845118,"max":349.29383867909473},"24":{"dtype":"number","min":308.1759762300128,"max":435.4180860704949},"25":{"dtype":"number","min":221.23570779882056,"max":424.4652572216227},"26":{"dtype":"number","min":287.5732231882296,"max":469.8048964919747},"27":{"dtype":"number","min":235.05208442183323,"max":393.6843322872652},"28":{"dtype":"number","min":260.29417401621777,"max":465.58371933517753},"29":{"dtype":"number","min":232.84691599092594,"max":470.0616211649973},"30":{"dtype":"number","min":267.10486148581896,"max":490.80064825510703},"31":{"dtype":"number","min":293.89829168059947,"max":468.2411229471288},"32":{"dtype":"number","min":231.93471708186405,"max":442.023250416559},"33":{"dtype":"number","min":287.4091621131749,"max":544.1155982110287}},"outputs":{"0":{"dtype":"string","min":0,"max":1,"uniqueValues":["m","c","p","d","t","r"],"legend":{"m":[1,0,0,0,0,0],"c":[0,1,0,0,0,0],"p":[0,0,1,0,0,0],"d":[0,0,0,1,0,0],"t":[0,0,0,0,1,0],"r":[0,0,0,0,0,1]}}},"isNormalized":true}