{"inputUnits":[34],"outputUnits":12,"inputs":{"0":{"dtype":"number","min":364.0102597247766,"max":398.26402178070424},"1":{"dtype":"number","min":86.97137320551892,"max":431.03476854613785},"2":{"dtype":"number","min":364.6485514956226,"max":406.7445777269653},"3":{"dtype":"number","min":81.31367486738509,"max":424.6055870204584},"4":{"dtype":"number","min":358.7693199758864,"max":388.93055184805905},"5":{"dtype":"number","min":81.01293868127965,"max":426.21937673843325},"6":{"dtype":"number","min":368.12408506638343,"max":419.5461038671115},"7":{"dtype":"number","min":88.37386728724618,"max":431.0792238703034},"8":{"dtype":"number","min":348.39188868897435,"max":368.9788628366671},"9":{"dtype":"number","min":89.11759372815084,"max":430.9086442643103},"10":{"dtype":"number","min":362.4271282982734,"max":439.51138158716583},"11":{"dtype":"number","min":125.65287608580832,"max":456.32681405034043},"12":{"dtype":"number","min":316.9847149978816,"max":386.6591623506657},"13":{"dtype":"number","min":123.73157486377522,"max":451.15108504833415},"14":{"dtype":"number","min":343.3180112133694,"max":509.2483081149684},"15":{"dtype":"number","min":85.96396360879743,"max":422.9440366989908},"16":{"dtype":"number","min":275.002045390207,"max":349.89762599366185},"17":{"dtype":"number","min":92.24488373396463,"max":414.136528282314},"18":{"dtype":"number","min":333.7240838076818,"max":502.2571560752067},"19":{"dtype":"number","min":39.52313287712721,"max":467.25677133998056},"20":{"dtype":"number","min":301.1048800101076,"max":368.2092896695267},"21":{"dtype":"number","min":47.920756655444436,"max":462.91606027328555},"22":{"dtype":"number","min":353.89454407450756,"max":430.2197099381384},"23":{"dtype":"number","min":218.38718993190662,"max":544.7885131835938},"24":{"dtype":"number","min":290.0735639876429,"max":396.15374836012546},"25":{"dtype":"number","min":212.37099732870257,"max":544.1117116727718},"26":{"dtype":"number","min":358.1248613275906,"max":473.2643599454531},"27":{"dtype":"number","min":302.41376231152725,"max":572.1558341534685},"28":{"dtype":"number","min":276.3185333370699,"max":391.98381594646764},"29":{"dtype":"number","min":304.9448605548547,"max":575.5248310964859},"30":{"dtype":"number","min":361.4865219175584,"max":464.3783759328642},"31":{"dtype":"number","min":390.1279030885214,"max":587.9189101638498},"32":{"dtype":"number","min":275.45183114968387,"max":377.97679500357185},"33":{"dtype":"number","min":387.9164271966957,"max":586.5549834136369}},"outputs":{"0":{"dtype":"string","min":0,"max":1,"uniqueValues":["1","2","3","4","5","6","7","8","9","a","b","c"],"legend":{"1":[1,0,0,0,0,0,0,0,0,0,0,0],"2":[0,1,0,0,0,0,0,0,0,0,0,0],"3":[0,0,1,0,0,0,0,0,0,0,0,0],"4":[0,0,0,1,0,0,0,0,0,0,0,0],"5":[0,0,0,0,1,0,0,0,0,0,0,0],"6":[0,0,0,0,0,1,0,0,0,0,0,0],"7":[0,0,0,0,0,0,1,0,0,0,0,0],"8":[0,0,0,0,0,0,0,1,0,0,0,0],"9":[0,0,0,0,0,0,0,0,1,0,0,0],"a":[0,0,0,0,0,0,0,0,0,1,0,0],"b":[0,0,0,0,0,0,0,0,0,0,1,0],"c":[0,0,0,0,0,0,0,0,0,0,0,1]}}},"isNormalized":true}