{"inputUnits":[34],"outputUnits":4,"inputs":{"0":{"dtype":"number","min":179.5267709219966,"max":218.54746658978294},"1":{"dtype":"number","min":59.342643388978246,"max":106.49132279570466},"2":{"dtype":"number","min":189.49317664951667,"max":225.81870943655764},"3":{"dtype":"number","min":50.79052936242249,"max":96.20021003693458},"4":{"dtype":"number","min":182.81303435448078,"max":211.99750254590225},"5":{"dtype":"number","min":49.886436017106945,"max":95.49428620690966},"6":{"dtype":"number","min":203.04071686147253,"max":234.51303860556754},"7":{"dtype":"number","min":58.65723958739048,"max":92.34242005107004},"8":{"dtype":"number","min":179.53937812537998,"max":200.7199346045112},"9":{"dtype":"number","min":54.48710786693292,"max":98.97452035302783},"10":{"dtype":"number","min":220.80602386118375,"max":252.14341338042618},"11":{"dtype":"number","min":76.86372155809218,"max":124.0449185501277},"12":{"dtype":"number","min":168.5765954399851,"max":201.14431537078977},"13":{"dtype":"number","min":79.68135017365333,"max":127.63690161797786},"14":{"dtype":"number","min":241.69610286964982,"max":283.2341157787041},"15":{"dtype":"number","min":50.248658888998676,"max":163.5150098986199},"16":{"dtype":"number","min":140.13230498198868,"max":190.72479723028636},"17":{"dtype":"number","min":39.092891707958415,"max":161.50502008222884},"18":{"dtype":"number","min":183.48223496967717,"max":272.96090270758606},"19":{"dtype":"number","min":16.07959465294033,"max":186.57383365853752},"20":{"dtype":"number","min":147.1413139610439,"max":180.15366966158498},"21":{"dtype":"number","min":30.51192346713887,"max":170.56500980362352},"22":{"dtype":"number","min":214.0150944453733,"max":270.61043943412574},"23":{"dtype":"number","min":166.75669154304472,"max":199.74951124376827},"24":{"dtype":"number","min":178.9394108516233,"max":234.69211652585042},"25":{"dtype":"number","min":171.01129554125123,"max":204.97373350863325},"26":{"dtype":"number","min":215.94182708384,"max":254.8212952372629},"27":{"dtype":"number","min":236.27368971531496,"max":273.1300359941178},"28":{"dtype":"number","min":181.49843564757114,"max":239.10070782969433},"29":{"dtype":"number","min":238.62266213977387,"max":285.33325907785144},"30":{"dtype":"number","min":219.1811124452821,"max":245.7747486871504},"31":{"dtype":"number","min":299.5889718616055,"max":323.6684812553198},"32":{"dtype":"number","min":183.1619737677073,"max":242.703167214004},"33":{"dtype":"number","min":302.6582737191642,"max":324.25995704264955}},"outputs":{"0":{"dtype":"string","min":0,"max":1,"uniqueValues":["y","m","c","a"],"legend":{"y":[1,0,0,0],"m":[0,1,0,0],"c":[0,0,1,0],"a":[0,0,0,1]}}},"isNormalized":true}