{"inputUnits":[34],"outputUnits":12,"inputs":{"0":{"dtype":"number","min":297.26681245440176,"max":349.9060100154654},"1":{"dtype":"number","min":108.03580555006687,"max":456.2169555189081},"2":{"dtype":"number","min":302.0182343123024,"max":362.28600706107886},"3":{"dtype":"number","min":100.02708345999514,"max":445.496040077061},"4":{"dtype":"number","min":294.4221241279335,"max":344.0367215523924},"5":{"dtype":"number","min":102.45357290780035,"max":444.68606674253715},"6":{"dtype":"number","min":307.9089842325055,"max":380.0196452456226},"7":{"dtype":"number","min":107.86367809726107,"max":452.90315976866486},"8":{"dtype":"number","min":284.87388462408046,"max":331.3566037189172},"9":{"dtype":"number","min":114.47972368173563,"max":447.21050692903395},"10":{"dtype":"number","min":325.7245051165035,"max":402.44548515587},"11":{"dtype":"number","min":137.4727289222094,"max":505.2573178064962},"12":{"dtype":"number","min":273.79446007398315,"max":309.2503576612658},"13":{"dtype":"number","min":152.11230326255472,"max":489.5271152837731},"14":{"dtype":"number","min":318.4456279769482,"max":451.5024421187226},"15":{"dtype":"number","min":104.65029942850194,"max":458.6514270352019},"16":{"dtype":"number","min":213.6932396795963,"max":305.4048720779122},"17":{"dtype":"number","min":92.56229148300704,"max":457.0870924181512},"18":{"dtype":"number","min":303.1608801222033,"max":459.93256565197896},"19":{"dtype":"number","min":49.80550921844602,"max":509.91718218020424},"20":{"dtype":"number","min":183.60856824347945,"max":325.6659404591364},"21":{"dtype":"number","min":45.84108285866823,"max":507.61586942561405},"22":{"dtype":"number","min":320.85493822505964,"max":393.3846060311284},"23":{"dtype":"number","min":253.88389498343264,"max":559.1604980884359},"24":{"dtype":"number","min":273.8766521053092,"max":326.23083448595577},"25":{"dtype":"number","min":254.33816041464007,"max":562.5609360038075},"26":{"dtype":"number","min":322.2084015723796,"max":426.057672760366},"27":{"dtype":"number","min":351.52341553209357,"max":568.6806372260305},"28":{"dtype":"number","min":273.8399176096638,"max":319.6171151988701},"29":{"dtype":"number","min":340.25231743601046,"max":567.3956886618054},"30":{"dtype":"number","min":317.00822110305967,"max":433.2966435651371},"31":{"dtype":"number","min":417.47545769242464,"max":579.320189479724},"32":{"dtype":"number","min":270.97835436869224,"max":332.55116741017144},"33":{"dtype":"number","min":406.42648897282345,"max":577.8270344418775}},"outputs":{"0":{"dtype":"string","min":0,"max":1,"uniqueValues":["1","2","3","4","5","6","7","8","9","v","w","k"],"legend":{"1":[1,0,0,0,0,0,0,0,0,0,0,0],"2":[0,1,0,0,0,0,0,0,0,0,0,0],"3":[0,0,1,0,0,0,0,0,0,0,0,0],"4":[0,0,0,1,0,0,0,0,0,0,0,0],"5":[0,0,0,0,1,0,0,0,0,0,0,0],"6":[0,0,0,0,0,1,0,0,0,0,0,0],"7":[0,0,0,0,0,0,1,0,0,0,0,0],"8":[0,0,0,0,0,0,0,1,0,0,0,0],"9":[0,0,0,0,0,0,0,0,1,0,0,0],"v":[0,0,0,0,0,0,0,0,0,1,0,0],"w":[0,0,0,0,0,0,0,0,0,0,1,0],"k":[0,0,0,0,0,0,0,0,0,0,0,1]}}},"isNormalized":true}