{"inputUnits":[34],"outputUnits":8,"inputs":{"0":{"dtype":"number","min":309.34579990253377,"max":369.3241282659746},"1":{"dtype":"number","min":80.66198475166053,"max":413.6797929459509},"2":{"dtype":"number","min":322.5450739879089,"max":384.8221977026082},"3":{"dtype":"number","min":74.36384505334996,"max":402.45785071228266},"4":{"dtype":"number","min":301.5852136277967,"max":362.04492739666296},"5":{"dtype":"number","min":73.96124220079949,"max":397.64794175263046},"6":{"dtype":"number","min":343.8803171833202,"max":406.85168789518485},"7":{"dtype":"number","min":79.00047855154548,"max":401.9963916823094},"8":{"dtype":"number","min":289.52041447858403,"max":356.4830809715657},"9":{"dtype":"number","min":83.6434556538029,"max":394.79809920611547},"10":{"dtype":"number","min":365.8551880357794,"max":438.04188604020885},"11":{"dtype":"number","min":104.44138938814748,"max":438.46701785284256},"12":{"dtype":"number","min":260.8631154813655,"max":351.72752053821137},"13":{"dtype":"number","min":116.56869198097795,"max":443.07331189107344},"14":{"dtype":"number","min":387.9678689088339,"max":512.230792212579},"15":{"dtype":"number","min":85.61730529547665,"max":470.3214718117324},"16":{"dtype":"number","min":217.147071927438,"max":360.5307594625866},"17":{"dtype":"number","min":81.97002989772693,"max":479.8426106375015},"18":{"dtype":"number","min":356.04556488155856,"max":520.8376626931276},"19":{"dtype":"number","min":36.36260748837245,"max":466.9045082418835},"20":{"dtype":"number","min":217.15695036060615,"max":346.08876269151267},"21":{"dtype":"number","min":20.14657343408014,"max":519.5676753122056},"22":{"dtype":"number","min":346.2637305352475,"max":423.2110191968628},"23":{"dtype":"number","min":207.12755255198203,"max":539.5911238258451},"24":{"dtype":"number","min":267.6226129791616,"max":354.0709950487901},"25":{"dtype":"number","min":198.22393870075388,"max":550.6428765322912},"26":{"dtype":"number","min":354.9022261920142,"max":447.89095748723247},"27":{"dtype":"number","min":286.55339222473856,"max":547.4329207008451},"28":{"dtype":"number","min":239.70568430562892,"max":351.5545024946042},"29":{"dtype":"number","min":287.3618076190874,"max":561.8790058774243},"30":{"dtype":"number","min":345.6473063309369,"max":471.4589367580785},"31":{"dtype":"number","min":363.5485067998389,"max":563.9937161100514},"32":{"dtype":"number","min":226.90847552703977,"max":357.63375857460824},"33":{"dtype":"number","min":362.70145579534744,"max":565.8961124642814}},"outputs":{"0":{"dtype":"string","min":0,"max":1,"uniqueValues":["1","2","3","4","5","6","7","9"],"legend":{"1":[1,0,0,0,0,0,0,0],"2":[0,1,0,0,0,0,0,0],"3":[0,0,1,0,0,0,0,0],"4":[0,0,0,1,0,0,0,0],"5":[0,0,0,0,1,0,0,0],"6":[0,0,0,0,0,1,0,0],"7":[0,0,0,0,0,0,1,0],"9":[0,0,0,0,0,0,0,1]}}},"isNormalized":true}