{"inputUnits":[34],"outputUnits":12,"inputs":{"0":{"dtype":"number","min":215.6949826251672,"max":662.6649350414945},"1":{"dtype":"number","min":33.46096884879621,"max":356.4520147895071},"2":{"dtype":"number","min":225.7620607368677,"max":658.2961834265565},"3":{"dtype":"number","min":21.258087751930333,"max":341.1176249582016},"4":{"dtype":"number","min":210.06392660771826,"max":658.2516538864908},"5":{"dtype":"number","min":20.75152682886977,"max":343.08487829067366},"6":{"dtype":"number","min":217.49521455876095,"max":654.3748539431086},"7":{"dtype":"number","min":29.51094215482125,"max":348.32584841242095},"8":{"dtype":"number","min":185.3673592059065,"max":649.0777457270641},"9":{"dtype":"number","min":29.69346280227839,"max":343.1927383363479},"10":{"dtype":"number","min":187.74389957175646,"max":571.2752215314932},"11":{"dtype":"number","min":56.6706569092747,"max":363.4270319957214},"12":{"dtype":"number","min":185.1951118202061,"max":648.6608079249756},"13":{"dtype":"number","min":61.48000991761916,"max":360.0835982742013},"14":{"dtype":"number","min":201.2527287702152,"max":606.7584798493738},"15":{"dtype":"number","min":112.33790000588976,"max":428.30516058183366},"16":{"dtype":"number","min":165.44708430071285,"max":662.1025970102748},"17":{"dtype":"number","min":76.32158450115514,"max":458.69472993487045},"18":{"dtype":"number","min":173.74368036767387,"max":650.3572824678532},"19":{"dtype":"number","min":52.98667224928562,"max":471.881538123936},"20":{"dtype":"number","min":124.62678842507448,"max":651.9568761684551},"21":{"dtype":"number","min":46.55494185273285,"max":467.2672245010791},"22":{"dtype":"number","min":209.44029455518907,"max":579.0121590580922},"23":{"dtype":"number","min":133.39420303760335,"max":500.62703648429897},"24":{"dtype":"number","min":223.5274282967534,"max":646.291359036813},"25":{"dtype":"number","min":127.61095930166283,"max":496.55659360180573},"26":{"dtype":"number","min":208.28623255866975,"max":580.4729298394942},"27":{"dtype":"number","min":175.7958948751368,"max":556.8742317170021},"28":{"dtype":"number","min":218.56040153058123,"max":642.7198049344905},"29":{"dtype":"number","min":173.90318280528027,"max":556.4597097166782},"30":{"dtype":"number","min":88.91506803638741,"max":561.8357207895717},"31":{"dtype":"number","min":327.3793486955101,"max":568.3262165232856},"32":{"dtype":"number","min":99.40090550522861,"max":646.0388729822774},"33":{"dtype":"number","min":291.68147224396586,"max":566.4697829665841}},"outputs":{"0":{"dtype":"string","min":0,"max":1,"uniqueValues":["1","2","3","4","5","6","7","8","9","v","w","k"],"legend":{"1":[1,0,0,0,0,0,0,0,0,0,0,0],"2":[0,1,0,0,0,0,0,0,0,0,0,0],"3":[0,0,1,0,0,0,0,0,0,0,0,0],"4":[0,0,0,1,0,0,0,0,0,0,0,0],"5":[0,0,0,0,1,0,0,0,0,0,0,0],"6":[0,0,0,0,0,1,0,0,0,0,0,0],"7":[0,0,0,0,0,0,1,0,0,0,0,0],"8":[0,0,0,0,0,0,0,1,0,0,0,0],"9":[0,0,0,0,0,0,0,0,1,0,0,0],"v":[0,0,0,0,0,0,0,0,0,1,0,0],"w":[0,0,0,0,0,0,0,0,0,0,1,0],"k":[0,0,0,0,0,0,0,0,0,0,0,1]}}},"isNormalized":true}